date,model,upsampling,threshold,params,recall,precision,accuracy,f1,f1_weighted_2,f1_weighted_3,f1_weighted_4,test_recall,test_precision,test_accuracy,test_f1,test_f1_weighted_2,test_f1_weighted_3,test_f1_weighted_4
2024-04-02,LogisticRegression,none,0.3,"{'C': 0.01, 'penalty': 'l2', 'solver': 'liblinear', 'max_iter': 100, 'class_weight': None}",0.7204968944099379,0.37662337662337664,0.823134328358209,0.4946695095948827,0.6092436974789915,0.6602162777461582,0.6837725381414701,0.6578947368421053,0.31645569620253167,0.8005952380952381,0.4273504273504274,0.5411255411255411,0.5938242280285035,0.61863173216885
2024-04-02,LogisticRegression,none,0.39999999999999997,"{'C': 0.01, 'penalty': 'l2', 'solver': 'liblinear', 'max_iter': 100, 'class_weight': None}",0.5093167701863354,0.543046357615894,0.8895522388059701,0.5256410256410257,0.5157232704402516,0.5125000000000001,0.5111844517785111,0.4473684210526316,0.5,0.8869047619047619,0.4722222222222222,0.456989247311828,0.4521276595744681,0.4501557632398754
2024-04-02,LogisticRegression,none,0.5,"{'C': 0.01, 'penalty': 'l2', 'solver': 'liblinear', 'max_iter': 100, 'class_weight': None}",0.16770186335403728,0.8709677419354839,0.8970149253731343,0.28125,0.2,0.18243243243243243,0.1760644418872267,0.10526315789473684,1.0,0.8988095238095238,0.1904761904761905,0.1282051282051282,0.11560693641618497,0.1111111111111111
2024-04-02,LogisticRegression,none,0.6,"{'C': 0.01, 'penalty': 'l2', 'solver': 'liblinear', 'max_iter': 100, 'class_weight': None}",0.0,0.0,0.8798507462686567,0.0,,,,0.0,0.0,0.8869047619047619,0.0,,,
2024-04-02,LogisticRegression,none,0.7,"{'C': 0.01, 'penalty': 'l2', 'solver': 'liblinear', 'max_iter': 100, 'class_weight': None}",0.0,0.0,0.8798507462686567,0.0,,,,0.0,0.0,0.8869047619047619,0.0,,,
2024-04-02,LogisticRegression,undersample,0.3,"{'C': 0.01, 'penalty': 'l2', 'solver': 'liblinear', 'max_iter': 100, 'class_weight': None}",0.9813664596273292,0.5302013422818792,0.5559006211180124,0.6884531590413945,0.8386411889596603,0.9044075558099599,0.9345859429366736,0.9210526315789473,0.12411347517730496,0.25595238095238093,0.21875,0.4032258064516128,0.5608974358974359,0.6685393258426966
2024-04-02,LogisticRegression,undersample,0.39999999999999997,"{'C': 0.01, 'penalty': 'l2', 'solver': 'liblinear', 'max_iter': 100, 'class_weight': None}",0.9751552795031055,0.5946969696969697,0.65527950310559,0.7388235294117648,0.8645374449339207,0.9165207238762405,0.9397887323943662,0.8947368421052632,0.1459227467811159,0.3958333333333333,0.2509225092250923,0.44155844155844165,0.5913043478260871,0.6872770511296077
2024-04-02,LogisticRegression,undersample,0.5,"{'C': 0.01, 'penalty': 'l2', 'solver': 'liblinear', 'max_iter': 100, 'class_weight': None}",0.9006211180124224,0.7142857142857143,0.7701863354037267,0.7967032967032969,0.8559622195985833,0.8777239709443101,0.8870097157250811,0.7631578947368421,0.19333333333333333,0.6130952380952381,0.30851063829787234,0.4801324503311258,0.589430894308943,0.6503957783641161
2024-04-02,LogisticRegression,undersample,0.6,"{'C': 0.01, 'penalty': 'l2', 'solver': 'liblinear', 'max_iter': 100, 'class_weight': None}",0.6832298136645962,0.8333333333333334,0.7732919254658385,0.7508532423208192,0.7087628865979381,0.6957621758380772,0.6905465288035451,0.6842105263157895,0.37142857142857144,0.8333333333333334,0.4814814814814815,0.5855855855855856,0.6310679611650485,0.6519174041297935
2024-04-02,LogisticRegression,undersample,0.7,"{'C': 0.01, 'penalty': 'l2', 'solver': 'liblinear', 'max_iter': 100, 'class_weight': None}",0.3105590062111801,0.9615384615384616,0.6490683229813664,0.4694835680751173,0.35919540229885055,0.3331112591605596,0.3234398782343988,0.21052631578947367,0.6666666666666666,0.8988095238095238,0.32,0.24390243902439024,0.22598870056497175,0.2193548387096774
2024-04-02,LogisticRegression,oversample,0.3,"{'C': 0.01, 'penalty': 'l2', 'solver': 'liblinear', 'max_iter': 100, 'class_weight': None}",0.9601357082273113,0.6359550561797753,0.7052586938083121,0.7651233524839472,0.871305418719212,0.913566298119603,0.9321836853323001,0.868421052631579,0.1683673469387755,0.5,0.28205128205128205,0.47413793103448276,0.6133828996282528,0.6977611940298507
2024-04-02,LogisticRegression,oversample,0.39999999999999997,"{'C': 0.01, 'penalty': 'l2', 'solver': 'liblinear', 'max_iter': 100, 'class_weight': None}",0.9202714164546225,0.70822454308094,0.770568278201866,0.800442641091848,0.8682778489116518,0.8935188997776498,0.9043439890174543,0.7631578947368421,0.19078947368421054,0.6071428571428571,0.30526315789473685,0.4769736842105263,0.5870445344129555,0.6486842105263159
2024-04-02,LogisticRegression,oversample,0.5,"{'C': 0.01, 'penalty': 'l2', 'solver': 'liblinear', 'max_iter': 100, 'class_weight': None}",0.8498727735368957,0.7914691943127962,0.8129770992366412,0.8196319018404907,0.8375125376128385,0.8436473857034605,0.8461997019374069,0.7105263157894737,0.25,0.7261904761904762,0.3698630136986301,0.5192307692307692,0.6,0.6410614525139665
2024-04-02,LogisticRegression,oversample,0.6,"{'C': 0.01, 'penalty': 'l2', 'solver': 'liblinear', 'max_iter': 100, 'class_weight': None}",0.7353689567430025,0.8376811594202899,0.7964376590330788,0.7831978319783198,0.7537819509650495,0.7444616177228232,0.7406904869591436,0.6578947368421053,0.32051282051282054,0.8035714285714286,0.4310344827586207,0.5434782608695652,0.5952380952380952,0.619533527696793
2024-04-02,LogisticRegression,oversample,0.7,"{'C': 0.01, 'penalty': 'l2', 'solver': 'liblinear', 'max_iter': 100, 'class_weight': None}",0.6047497879558948,0.8705738705738706,0.7574215436810857,0.7137137137137138,0.6440831074977417,0.6237970253718286,0.6158105979779506,0.5789473684210527,0.43137254901960786,0.8660714285714286,0.4943820224719101,0.541871921182266,0.559796437659033,0.5675265553869498
2024-04-02,LogisticRegression,smote,0.3,"{'C': 0.01, 'penalty': 'l2', 'solver': 'liblinear', 'max_iter': 100, 'class_weight': None}",0.9652247667514843,0.6443941109852774,0.7162849872773537,0.7728353140916807,0.8778154890465906,0.9194473620424981,0.937760542898691,0.868421052631579,0.17010309278350516,0.5059523809523809,0.28448275862068967,0.4768786127167631,0.6156716417910448,0.699501246882793
2024-04-02,LogisticRegression,smote,0.39999999999999997,"{'C': 0.01, 'penalty': 'l2', 'solver': 'liblinear', 'max_iter': 100, 'class_weight': None}",0.9372349448685326,0.7170668397144712,0.7837150127226463,0.8125000000000001,0.8830110276490333,0.9093153390388414,0.9206076941925999,0.7631578947368421,0.19333333333333333,0.6130952380952381,0.30851063829787234,0.4801324503311258,0.589430894308943,0.6503957783641161
2024-04-02,LogisticRegression,smote,0.5,"{'C': 0.01, 'penalty': 'l2', 'solver': 'liblinear', 'max_iter': 100, 'class_weight': None}",0.8659881255301103,0.7927018633540373,0.8197625106022053,0.8277259829752737,0.8502664890073285,0.8580552987646023,0.8613040889241763,0.7105263157894737,0.2523364485981308,0.7291666666666666,0.37241379310344824,0.5212355212355212,0.6013363028953228,0.641958041958042
2024-04-02,LogisticRegression,smote,0.6,"{'C': 0.01, 'penalty': 'l2', 'solver': 'liblinear', 'max_iter': 100, 'class_weight': None}",0.7497879558948262,0.8387096774193549,0.8027989821882952,0.7917599641737575,0.7660311958405547,0.7578225460780114,0.7544934230344412,0.6842105263157895,0.32098765432098764,0.8005952380952381,0.4369747899159664,0.5579399141630901,0.6146572104018911,0.6415094339622641
2024-04-02,LogisticRegression,smote,0.7,"{'C': 0.01, 'penalty': 'l2', 'solver': 'liblinear', 'max_iter': 100, 'class_weight': None}",0.6166242578456319,0.8801452784503632,0.7663273960983885,0.7251870324189525,0.6559003969686034,0.635656203549882,0.6276790248857287,0.5789473684210527,0.4489795918367347,0.8720238095238095,0.5057471264367815,0.5472636815920399,0.5626598465473145,0.5692541856925418
2024-04-02,LogisticRegression,cgan,0.3,"{'C': 0.01, 'penalty': 'l2', 'solver': 'liblinear', 'max_iter': 100, 'class_weight': None}",0.8012422360248447,0.39209726443769,0.4909489851892485,0.5265306122448979,0.6628982528263104,0.7255343082114737,0.7549053356282271,0.6578947368421053,0.11363636363636363,0.38095238095238093,0.19379844961240308,0.33602150537634407,0.44483985765124556,0.5132850241545893
2024-04-02,LogisticRegression,cgan,0.39999999999999997,"{'C': 0.01, 'penalty': 'l2', 'solver': 'liblinear', 'max_iter': 100, 'class_weight': None}",0.5481366459627329,0.4757412398921833,0.6269884805266045,0.5093795093795094,0.5319469559975888,0.5399204649739981,0.5432735831975375,0.21052631578947367,0.07142857142857142,0.6011904761904762,0.10666666666666667,0.15151515151515152,0.1762114537444934,0.18888888888888888
2024-04-02,LogisticRegression,cgan,0.5,"{'C': 0.01, 'penalty': 'l2', 'solver': 'liblinear', 'max_iter': 100, 'class_weight': None}",0.44565217391304346,0.7211055276381909,0.7432803071859572,0.5508637236084453,0.4825151311365165,0.463351630610268,0.4558960941880023,0.0,0.0,0.8065476190476191,0.0,,,
2024-04-02,LogisticRegression,cgan,0.6,"{'C': 0.01, 'penalty': 'l2', 'solver': 'liblinear', 'max_iter': 100, 'class_weight': None}",0.40993788819875776,0.9198606271777003,0.7789358200767965,0.5671321160042965,0.461054837582955,0.43399638336347196,0.4237560192616372,0.0,0.0,0.8779761904761905,0.0,,,
2024-04-02,LogisticRegression,cgan,0.7,"{'C': 0.01, 'penalty': 'l2', 'solver': 'liblinear', 'max_iter': 100, 'class_weight': None}",0.0,0.0,0.6417992320351069,0.0,,,,0.0,0.0,0.8869047619047619,0.0,,,
2024-04-02,LogisticRegression,none,0.3,"{'C': 0.1, 'penalty': 'l2', 'solver': 'liblinear', 'max_iter': 100, 'class_weight': 'balanced'}",0.9254658385093167,0.2384,0.6358208955223881,0.37913486005089053,0.5870764381402678,0.7184185149469623,0.7913152139956262,0.7894736842105263,0.17857142857142858,0.5654761904761905,0.2912621359223301,0.46875,0.5882352941176471,0.6572164948453609
2024-04-02,LogisticRegression,none,0.39999999999999997,"{'C': 0.1, 'penalty': 'l2', 'solver': 'liblinear', 'max_iter': 100, 'class_weight': 'balanced'}",0.8757763975155279,0.29375,0.732089552238806,0.43993759750390016,0.6272241992882562,0.7309486780715396,0.7843586387434555,0.7105263157894737,0.22131147540983606,0.6845238095238095,0.33749999999999997,0.4927007299270073,0.5818965517241379,0.6287671232876711
2024-04-02,LogisticRegression,none,0.5,"{'C': 0.1, 'penalty': 'l2', 'solver': 'liblinear', 'max_iter': 100, 'class_weight': 'balanced'}",0.7888198757763976,0.3557422969187675,0.8029850746268656,0.49034749034749037,0.6343656343656344,0.7032115171650056,0.7361063757245142,0.7105263157894737,0.28125,0.7619047619047619,0.40298507462686567,0.5443548387096774,0.6164383561643836,0.6519886363636364
2024-04-02,LogisticRegression,none,0.6,"{'C': 0.1, 'penalty': 'l2', 'solver': 'liblinear', 'max_iter': 100, 'class_weight': 'balanced'}",0.6956521739130435,0.39436619718309857,0.8350746268656717,0.5033707865168539,0.6034482758620688,0.6462781304096941,0.6657342657342656,0.6842105263157895,0.3291139240506329,0.8065476190476191,0.4444444444444445,0.5627705627705628,0.6175771971496438,0.6433770014556041
2024-04-02,LogisticRegression,none,0.7,"{'C': 0.1, 'penalty': 'l2', 'solver': 'liblinear', 'max_iter': 100, 'class_weight': 'balanced'}",0.6273291925465838,0.4611872146118721,0.8671641791044776,0.531578947368421,0.5851680185399768,0.6055155875299759,0.6143112701252235,0.6052631578947368,0.40350877192982454,0.8541666666666666,0.4842105263157894,0.5502392344497606,0.5764411027568922,0.58796992481203
2024-04-02,LogisticRegression,undersample,0.3,"{'C': 0.1, 'penalty': 'l2', 'solver': 'liblinear', 'max_iter': 100, 'class_weight': 'balanced'}",0.937888198757764,0.6371308016877637,0.7018633540372671,0.7587939698492461,0.8569807037457434,0.8956109134045076,0.9125488801990757,0.868421052631579,0.16666666666666666,0.49404761904761907,0.2796610169491525,0.4714285714285714,0.6111111111111112,0.696029776674938
2024-04-02,LogisticRegression,undersample,0.39999999999999997,"{'C': 0.1, 'penalty': 'l2', 'solver': 'liblinear', 'max_iter': 100, 'class_weight': 'balanced'}",0.9006211180124224,0.7107843137254902,0.7670807453416149,0.7945205479452055,0.8549528301886792,0.8771929824561404,0.8866906474820144,0.7631578947368421,0.1895424836601307,0.6041666666666666,0.3036649214659686,0.4754098360655738,0.5858585858585859,0.6478318002628122
2024-04-02,LogisticRegression,undersample,0.5,"{'C': 0.1, 'penalty': 'l2', 'solver': 'liblinear', 'max_iter': 100, 'class_weight': 'balanced'}",0.8571428571428571,0.770949720670391,0.8012422360248447,0.811764705882353,0.8383961117861483,0.8476658476658477,0.8515426497277677,0.7105263157894737,0.23893805309734514,0.7113095238095238,0.3576158940397351,0.5094339622641509,0.5934065934065934,0.636615811373093
2024-04-02,LogisticRegression,undersample,0.6,"{'C': 0.1, 'penalty': 'l2', 'solver': 'liblinear', 'max_iter': 100, 'class_weight': 'balanced'}",0.7080745341614907,0.8201438848920863,0.7763975155279503,0.76,0.7279693486590039,0.7178841309823679,0.7138121546961327,0.6842105263157895,0.325,0.8035714285714286,0.4406779661016949,0.5603448275862069,0.6161137440758294,0.6424418604651164
2024-04-02,LogisticRegression,undersample,0.7,"{'C': 0.1, 'penalty': 'l2', 'solver': 'liblinear', 'max_iter': 100, 'class_weight': 'balanced'}",0.5900621118012422,0.8962264150943396,0.7608695652173914,0.7116104868913858,0.6333333333333334,0.6109324758842445,0.6021625652498136,0.6052631578947368,0.46938775510204084,0.8779761904761905,0.5287356321839081,0.572139303482587,0.588235294117647,0.5951293759512937
2024-04-02,LogisticRegression,oversample,0.3,"{'C': 0.1, 'penalty': 'l2', 'solver': 'liblinear', 'max_iter': 100, 'class_weight': 'balanced'}",0.9202714164546225,0.695067264573991,0.7582697201017812,0.7919708029197081,0.8642663692846901,0.891390075583306,0.9030599755201958,0.7894736842105263,0.18292682926829268,0.5773809523809523,0.297029702970297,0.4746835443037974,0.592885375494071,0.660621761658031
2024-04-02,LogisticRegression,oversample,0.39999999999999997,"{'C': 0.1, 'penalty': 'l2', 'solver': 'liblinear', 'max_iter': 100, 'class_weight': 'balanced'}",0.8659881255301103,0.7591078066914498,0.7955894826123834,0.8090332805071316,0.8422702524335918,0.8539645366343259,0.8588747587708448,0.7105263157894737,0.225,0.6904761904761905,0.34177215189873417,0.49632352941176466,0.5844155844155844,0.6304945054945055
2024-04-02,LogisticRegression,oversample,0.5,"{'C': 0.1, 'penalty': 'l2', 'solver': 'liblinear', 'max_iter': 100, 'class_weight': 'balanced'}",0.8269720101781171,0.8098006644518272,0.8163698049194232,0.8182962652119177,0.8234797297297297,0.8252221752010157,0.8259417978871836,0.7105263157894737,0.28421052631578947,0.7648809523809523,0.40601503759398494,0.5465587044534413,0.6178489702517163,0.6529160739687055
2024-04-02,LogisticRegression,oversample,0.6,"{'C': 0.1, 'penalty': 'l2', 'solver': 'liblinear', 'max_iter': 100, 'class_weight': 'balanced'}",0.72264631043257,0.84106614017769,0.7930449533502969,0.7773722627737226,0.7435852679350673,0.7329662766689609,0.7286813905518942,0.6578947368421053,0.32894736842105265,0.8095238095238095,0.4385964912280702,0.5482456140350879,0.598086124401914,0.6213450292397662
2024-04-02,LogisticRegression,oversample,0.7,"{'C': 0.1, 'penalty': 'l2', 'solver': 'liblinear', 'max_iter': 100, 'class_weight': 'balanced'}",0.6310432569974554,0.8661233993015134,0.7667514843087362,0.7301275760549557,0.6672645739910312,0.6486486486486485,0.6412817522689246,0.6052631578947368,0.42592592592592593,0.8630952380952381,0.5,0.558252427184466,0.5808080808080808,0.5906344410876133
2024-04-02,LogisticRegression,smote,0.3,"{'C': 0.1, 'penalty': 'l2', 'solver': 'liblinear', 'max_iter': 100, 'class_weight': 'balanced'}",0.9389312977099237,0.7146546158812137,0.7820186598812553,0.8115835777126099,0.8834796488427773,0.910361842105263,0.9219125067359035,0.7631578947368421,0.1895424836601307,0.6041666666666666,0.3036649214659686,0.4754098360655738,0.5858585858585859,0.6478318002628122
2024-04-02,LogisticRegression,smote,0.39999999999999997,"{'C': 0.1, 'penalty': 'l2', 'solver': 'liblinear', 'max_iter': 100, 'class_weight': 'balanced'}",0.8897370653095844,0.7707567964731815,0.8125530110262935,0.8259842519685041,0.8630903406285998,0.8762111593718678,0.8817305315203956,0.7368421052631579,0.23931623931623933,0.7053571428571429,0.36129032258064514,0.5204460966542751,0.6100217864923747,0.656551724137931
2024-04-02,LogisticRegression,smote,0.5,"{'C': 0.1, 'penalty': 'l2', 'solver': 'liblinear', 'max_iter': 100, 'class_weight': 'balanced'}",0.8430873621713316,0.815422477440525,0.8261238337574215,0.8290241868223519,0.8374052232518955,0.8402366863905326,0.8414081561519693,0.7105263157894737,0.27835051546391754,0.7589285714285714,0.39999999999999997,0.5421686746987951,0.6150341685649203,0.651063829787234
2024-04-02,LogisticRegression,smote,0.6,"{'C': 0.1, 'penalty': 'l2', 'solver': 'liblinear', 'max_iter': 100, 'class_weight': 'balanced'}",0.7404580152671756,0.8386167146974063,0.7989821882951654,0.7864864864864864,0.7582073996873371,0.7492276004119464,0.7455915599095705,0.6578947368421053,0.3333333333333333,0.8125,0.4424778761061947,0.5506607929515419,0.5995203836930456,0.6222547584187409
2024-04-02,LogisticRegression,smote,0.7,"{'C': 0.1, 'penalty': 'l2', 'solver': 'liblinear', 'max_iter': 100, 'class_weight': 'balanced'}",0.6513994910941476,0.8707482993197279,0.77735368956743,0.745269286754003,0.6859592711682745,0.6682328373792744,0.6611972044971134,0.6052631578947368,0.42592592592592593,0.8630952380952381,0.5,0.558252427184466,0.5808080808080808,0.5906344410876133
2024-04-02,LogisticRegression,cgan,0.3,"{'C': 0.1, 'penalty': 'l2', 'solver': 'liblinear', 'max_iter': 100, 'class_weight': 'balanced'}",0.7981366459627329,0.39176829268292684,0.4909489851892485,0.5255623721881391,0.661008230452675,0.7231288688801351,0.7522382920110193,0.8157894736842105,0.128099173553719,0.35119047619047616,0.22142857142857142,0.3934010152284264,0.5308219178082192,0.62
2024-04-02,LogisticRegression,cgan,0.39999999999999997,"{'C': 0.1, 'penalty': 'l2', 'solver': 'liblinear', 'max_iter': 100, 'class_weight': 'balanced'}",0.7453416149068323,0.45325779036827196,0.5924300603400987,0.5637110980622431,0.6602475928473177,0.700218818380744,0.718120214732025,0.5789473684210527,0.1134020618556701,0.44047619047619047,0.18965517241379312,0.31791907514450873,0.4104477611940299,0.4663341645885287
2024-04-02,LogisticRegression,cgan,0.5,"{'C': 0.1, 'penalty': 'l2', 'solver': 'liblinear', 'max_iter': 100, 'class_weight': 'balanced'}",0.5139751552795031,0.47901591895803186,0.6308283049917718,0.4958801498127341,0.5065809611264157,0.510251271774318,0.5117780809458845,0.2631578947368421,0.08849557522123894,0.6101190476190477,0.13245033112582782,0.18867924528301885,0.21978021978021975,0.23578363384188628
2024-04-02,LogisticRegression,cgan,0.6,"{'C': 0.1, 'penalty': 'l2', 'solver': 'liblinear', 'max_iter': 100, 'class_weight': 'balanced'}",0.4503105590062112,0.625,0.7103675260559518,0.5234657039711191,0.4769736842105263,0.46325878594249204,0.45783803863298655,0.05263157894736842,0.04,0.75,0.04545454545454545,0.0495049504950495,0.05102040816326531,0.051671732522796346
2024-04-02,LogisticRegression,cgan,0.7,"{'C': 0.1, 'penalty': 'l2', 'solver': 'liblinear', 'max_iter': 100, 'class_weight': 'balanced'}",0.43167701863354035,0.8011527377521613,0.7613823368074603,0.5610494450050454,0.47553882996920976,0.45254761517174014,0.44371420523894467,0.0,0.0,0.8482142857142857,0.0,,,
2024-04-02,LogisticRegression,none,0.3,"{'C': 1, 'penalty': 'l1', 'solver': 'saga', 'max_iter': 200, 'class_weight': 'balanced'}",0.906832298136646,0.25215889464594127,0.6656716417910448,0.39459459459459456,0.5968928863450532,0.7199211045364892,0.7866877971473851,0.7631578947368421,0.1858974358974359,0.5952380952380952,0.2989690721649485,0.47077922077922085,0.5823293172690763,0.6452879581151834
2024-04-02,LogisticRegression,none,0.39999999999999997,"{'C': 1, 'penalty': 'l1', 'solver': 'saga', 'max_iter': 200, 'class_weight': 'balanced'}",0.8695652173913043,0.3125,0.7544776119402985,0.4597701149425288,0.6410256410256411,0.7380073800738007,0.7870370370370369,0.7105263157894737,0.23076923076923078,0.6994047619047619,0.3483870967741935,0.5018587360594795,0.588235294117647,0.6331034482758621
2024-04-02,LogisticRegression,none,0.5,"{'C': 1, 'penalty': 'l1', 'solver': 'saga', 'max_iter': 200, 'class_weight': 'balanced'}",0.7763975155279503,0.36127167630057805,0.8082089552238806,0.4930966469428008,0.6313131313131313,0.6963788300835655,0.7272416153319645,0.7105263157894737,0.29347826086956524,0.7738095238095238,0.4153846153846154,0.5532786885245902,0.6221198156682026,0.6557142857142857
2024-04-02,LogisticRegression,none,0.6,"{'C': 1, 'penalty': 'l1', 'solver': 'saga', 'max_iter': 200, 'class_weight': 'balanced'}",0.6894409937888198,0.3978494623655914,0.8373134328358209,0.5045454545454545,0.6013001083423618,0.642361111111111,0.6609457092819615,0.6842105263157895,0.34210526315789475,0.8154761904761905,0.45614035087719296,0.5701754385964912,0.6220095693779905,0.6461988304093568
2024-04-02,LogisticRegression,none,0.7,"{'C': 1, 'penalty': 'l1', 'solver': 'saga', 'max_iter': 200, 'class_weight': 'balanced'}",0.6211180124223602,0.4608294930875576,0.8671641791044776,0.529100529100529,0.5807200929152149,0.6002400960384153,0.6086645184389545,0.6052631578947368,0.3898305084745763,0.8482142857142857,0.4742268041237114,0.5450236966824644,0.57356608478803,0.5862068965517241
2024-04-02,LogisticRegression,undersample,0.3,"{'C': 1, 'penalty': 'l1', 'solver': 'saga', 'max_iter': 200, 'class_weight': 'balanced'}",0.9192546583850931,0.7115384615384616,0.7732919254658385,0.8021680216802167,0.868544600938967,0.8931804465902231,0.9037356321839081,0.7631578947368421,0.17901234567901234,0.5773809523809523,0.29,0.4617834394904459,0.5753968253968255,0.6402597402597403
2024-04-02,LogisticRegression,undersample,0.39999999999999997,"{'C': 1, 'penalty': 'l1', 'solver': 'saga', 'max_iter': 200, 'class_weight': 'balanced'}",0.8757763975155279,0.75,0.7919254658385093,0.8080229226361031,0.847355769230769,0.8613317043372021,0.8672214182344428,0.7105263157894737,0.21951219512195122,0.6815476190476191,0.3354037267080745,0.49090909090909085,0.5806451612903226,0.627906976744186
2024-04-02,LogisticRegression,undersample,0.5,"{'C': 1, 'penalty': 'l1', 'solver': 'saga', 'max_iter': 200, 'class_weight': 'balanced'}",0.8385093167701864,0.7941176470588235,0.8105590062111802,0.8157099697885196,0.8292383292383293,0.8338480543545399,0.8357611070648215,0.7105263157894737,0.2727272727272727,0.7529761904761905,0.3941605839416058,0.5378486055776892,0.6122448979591837,0.6492220650636493
2024-04-02,LogisticRegression,undersample,0.6,"{'C': 1, 'penalty': 'l1', 'solver': 'saga', 'max_iter': 200, 'class_weight': 'balanced'}",0.6832298136645962,0.8461538461538461,0.7795031055900621,0.7560137457044673,0.710594315245478,0.6966434452184928,0.6910569105691057,0.631578947368421,0.32,0.8065476190476191,0.4247787610619469,0.5286343612334802,0.5755395683453237,0.5973645680819911
2024-04-02,LogisticRegression,undersample,0.7,"{'C': 1, 'penalty': 'l1', 'solver': 'saga', 'max_iter': 200, 'class_weight': 'balanced'}",0.6086956521739131,0.8990825688073395,0.7701863354037267,0.725925925925926,0.650730411686587,0.6290115532734274,0.6204841713221602,0.6052631578947368,0.41818181818181815,0.8601190476190477,0.49462365591397855,0.5555555555555556,0.5793450881612091,0.5897435897435898
2024-04-02,LogisticRegression,oversample,0.3,"{'C': 1, 'penalty': 'l1', 'solver': 'saga', 'max_iter': 200, 'class_weight': 'balanced'}",0.9202714164546225,0.7091503267973857,0.7714164546225615,0.8010335917312661,0.8685558757604867,0.8936660901078988,0.9044326762773363,0.7894736842105263,0.1910828025477707,0.5982142857142857,0.3076923076923077,0.4854368932038835,0.6012024048096192,0.6666666666666666
2024-04-02,LogisticRegression,oversample,0.39999999999999997,"{'C': 1, 'penalty': 'l1', 'solver': 'saga', 'max_iter': 200, 'class_weight': 'balanced'}",0.8625954198473282,0.7727963525835866,0.8044953350296862,0.8152304609218437,0.8430039787798409,0.8526871803471117,0.856739345887017,0.7105263157894737,0.226890756302521,0.6934523809523809,0.3439490445859873,0.49815498154981547,0.5856832971800435,0.6313617606602475
2024-04-02,LogisticRegression,oversample,0.5,"{'C': 1, 'penalty': 'l1', 'solver': 'saga', 'max_iter': 200, 'class_weight': 'balanced'}",0.8210347752332485,0.8127623845507976,0.8159457167090755,0.8168776371308017,0.819366852886406,0.8201999661074394,0.8205435053602593,0.7105263157894737,0.2872340425531915,0.7678571428571429,0.4090909090909091,0.548780487804878,0.6192660550458715,0.6538461538461539
2024-04-02,LogisticRegression,oversample,0.6,"{'C': 1, 'penalty': 'l1', 'solver': 'saga', 'max_iter': 200, 'class_weight': 'balanced'}",0.7217981340118744,0.8434093161546086,0.7938931297709924,0.7778793418647167,0.743231441048035,0.7323580034423408,0.727972626176219,0.6578947368421053,0.33783783783783783,0.8154761904761905,0.44642857142857145,0.5530973451327434,0.6009615384615385,0.62316715542522
2024-04-02,LogisticRegression,oversample,0.7,"{'C': 1, 'penalty': 'l1', 'solver': 'saga', 'max_iter': 200, 'class_weight': 'balanced'}",0.6412213740458015,0.8689655172413793,0.772264631043257,0.7379209370424598,0.6766917293233083,0.65847922654821,0.6512617816965642,0.6052631578947368,0.41818181818181815,0.8601190476190477,0.49462365591397855,0.5555555555555556,0.5793450881612091,0.5897435897435898
2024-04-02,LogisticRegression,smote,0.3,"{'C': 1, 'penalty': 'l1', 'solver': 'saga', 'max_iter': 200, 'class_weight': 'balanced'}",0.9296013570822731,0.7282392026578073,0.7913486005089059,0.8166915052160953,0.8808873171515833,0.9045889732585011,0.9147233541165496,0.7631578947368421,0.2,0.6279761904761905,0.31693989071038253,0.48821548821548827,0.5954825462012321,0.6547144754316071
2024-04-02,LogisticRegression,smote,0.39999999999999997,"{'C': 1, 'penalty': 'l1', 'solver': 'saga', 'max_iter': 200, 'class_weight': 'balanced'}",0.8837998303647159,0.7799401197604791,0.8172179813401187,0.8286282306163021,0.8608724388631857,0.8721854858960408,0.8769306930693069,0.7368421052631579,0.24561403508771928,0.7142857142857143,0.3684210526315789,0.5263157894736842,0.6140350877192983,0.6592797783933518
2024-04-02,LogisticRegression,smote,0.5,"{'C': 1, 'penalty': 'l1', 'solver': 'saga', 'max_iter': 200, 'class_weight': 'balanced'}",0.8354537743850721,0.8201498751040799,0.8261238337574215,0.8277310924369747,0.8323474733817814,0.833897731120894,0.8345377523050086,0.7105263157894737,0.28421052631578947,0.7648809523809523,0.40601503759398494,0.5465587044534413,0.6178489702517163,0.6529160739687055
2024-04-02,LogisticRegression,smote,0.6,"{'C': 1, 'penalty': 'l1', 'solver': 'saga', 'max_iter': 200, 'class_weight': 'balanced'}",0.7370653095843935,0.8404255319148937,0.7985581000848176,0.7853592408495255,0.7556521739130435,0.7462430227565479,0.7424364257714343,0.6578947368421053,0.32894736842105265,0.8095238095238095,0.4385964912280702,0.5482456140350879,0.598086124401914,0.6213450292397662
2024-04-02,LogisticRegression,smote,0.7,"{'C': 1, 'penalty': 'l1', 'solver': 'saga', 'max_iter': 200, 'class_weight': 'balanced'}",0.6513994910941476,0.8687782805429864,0.7765055131467345,0.7445467765390208,0.6857142857142857,0.6681165724227925,0.661130241037067,0.5789473684210527,0.4230769230769231,0.8630952380952381,0.4888888888888889,0.5392156862745099,0.5583756345177666,0.5666666666666668
2024-04-02,LogisticRegression,cgan,0.3,"{'C': 1, 'penalty': 'l1', 'solver': 'saga', 'max_iter': 200, 'class_weight': 'balanced'}",0.7934782608695652,0.40172955974842767,0.5095995611629183,0.5334029227557411,0.6639812889812888,0.7229767968307865,0.7504319281271595,0.8157894736842105,0.13135593220338984,0.36904761904761907,0.22627737226277375,0.39948453608247425,0.5363321799307958,0.6244075829383886
2024-04-02,LogisticRegression,cgan,0.39999999999999997,"{'C': 1, 'penalty': 'l1', 'solver': 'saga', 'max_iter': 200, 'class_weight': 'balanced'}",0.7267080745341615,0.45658536585365855,0.5979155238617663,0.560814859197124,0.6498194945848376,0.6861164052191762,0.7022685144319888,0.5789473684210527,0.11518324607329843,0.4494047619047619,0.19213973799126638,0.3206997084548105,0.4127579737335836,0.4680851063829788
2024-04-02,LogisticRegression,cgan,0.5,"{'C': 1, 'penalty': 'l1', 'solver': 'saga', 'max_iter': 200, 'class_weight': 'balanced'}",0.4906832298136646,0.4688427299703264,0.6236972024136039,0.4795144157814871,0.48615384615384616,0.4884080370942813,0.4893423210056477,0.2631578947368421,0.09345794392523364,0.6279761904761905,0.13793103448275862,0.19305019305019303,0.22271714922048994,0.23776223776223776
2024-04-02,LogisticRegression,cgan,0.6,"{'C': 1, 'penalty': 'l1', 'solver': 'saga', 'max_iter': 200, 'class_weight': 'balanced'}",0.44875776397515527,0.6201716738197425,0.7081733406472847,0.5207207207207207,0.47501643655489806,0.4615138933248163,0.45617455896007425,0.05263157894736842,0.038461538461538464,0.7440476190476191,0.044444444444444446,0.049019607843137254,0.050761421319796954,0.051515151515151514
2024-04-02,LogisticRegression,cgan,0.7,"{'C': 1, 'penalty': 'l1', 'solver': 'saga', 'max_iter': 200, 'class_weight': 'balanced'}",0.43167701863354035,0.7830985915492957,0.7569939659901261,0.5565565565565566,0.4742408734220403,0.45195903105186147,0.44338118022328554,0.0,0.0,0.8452380952380952,0.0,,,
2024-04-02,LogisticRegression,none,0.3,"{'C': 10, 'penalty': 'elasticnet', 'solver': 'saga', 'l1_ratio': 0.5, 'max_iter': 200, 'class_weight': None}",0.577639751552795,0.5138121546961326,0.8835820895522388,0.543859649122807,0.5636363636363636,0.5705521472392638,0.573449401523395,0.47368421052631576,0.43902439024390244,0.8720238095238095,0.4556962025316456,0.4663212435233161,0.4699738903394256,0.4714946070878274
2024-04-02,LogisticRegression,none,0.39999999999999997,"{'C': 10, 'penalty': 'elasticnet', 'solver': 'saga', 'l1_ratio': 0.5, 'max_iter': 200, 'class_weight': None}",0.45962732919254656,0.578125,0.8947761194029851,0.5121107266435986,0.4792746113989637,0.4692454026632847,0.4652366863905325,0.42105263157894735,0.6153846153846154,0.9047619047619048,0.5,0.449438202247191,0.4347826086956522,0.42902208201892744
2024-04-02,LogisticRegression,none,0.5,"{'C': 10, 'penalty': 'elasticnet', 'solver': 'saga', 'l1_ratio': 0.5, 'max_iter': 200, 'class_weight': None}",0.36645962732919257,0.7108433734939759,0.9059701492537313,0.4836065573770493,0.40577716643741407,0.38511749347258484,0.3772094772470854,0.23684210526315788,0.75,0.9047619047619048,0.36,0.274390243902439,0.2542372881355932,0.24677419354838712
2024-04-02,LogisticRegression,none,0.6,"{'C': 10, 'penalty': 'elasticnet', 'solver': 'saga', 'l1_ratio': 0.5, 'max_iter': 200, 'class_weight': None}",0.2546583850931677,0.803921568627451,0.9029850746268657,0.3867924528301887,0.2949640287769784,0.2733333333333333,0.26532165968785687,0.15789473684210525,0.8571428571428571,0.9017857142857143,0.26666666666666666,0.18867924528301885,0.17191977077363899,0.16585365853658537
2024-04-02,LogisticRegression,none,0.7,"{'C': 10, 'penalty': 'elasticnet', 'solver': 'saga', 'l1_ratio': 0.5, 'max_iter': 200, 'class_weight': None}",0.18012422360248448,0.8787878787878788,0.8985074626865671,0.2989690721649485,0.2141802067946824,0.19568151147098514,0.18896128784975086,0.05263157894736842,1.0,0.8928571428571429,0.1,0.06493506493506494,0.05813953488372093,0.055737704918032774
2024-04-02,LogisticRegression,undersample,0.3,"{'C': 10, 'penalty': 'elasticnet', 'solver': 'saga', 'l1_ratio': 0.5, 'max_iter': 200, 'class_weight': None}",0.9130434782608695,0.7101449275362319,0.7701863354037267,0.7989130434782608,0.8636897767332549,0.8876811594202897,0.8979518505210204,0.7631578947368421,0.18125,0.5833333333333334,0.29292929292929293,0.46474358974358976,0.5776892430278885,0.6419270833333335
2024-04-02,LogisticRegression,undersample,0.39999999999999997,"{'C': 10, 'penalty': 'elasticnet', 'solver': 'saga', 'l1_ratio': 0.5, 'max_iter': 200, 'class_weight': None}",0.8819875776397516,0.7513227513227513,0.7950310559006211,0.8114285714285714,0.8523409363745498,0.8669108669108668,0.8730560578661845,0.7105263157894737,0.21951219512195122,0.6815476190476191,0.3354037267080745,0.49090909090909085,0.5806451612903226,0.627906976744186
2024-04-02,LogisticRegression,undersample,0.5,"{'C': 10, 'penalty': 'elasticnet', 'solver': 'saga', 'l1_ratio': 0.5, 'max_iter': 200, 'class_weight': None}",0.8260869565217391,0.7964071856287425,0.8074534161490683,0.8109756097560975,0.8199753390875463,0.8230198019801981,0.8242799854174262,0.7105263157894737,0.2755102040816326,0.7559523809523809,0.39705882352941174,0.5399999999999999,0.6136363636363635,0.6501416430594901
2024-04-02,LogisticRegression,undersample,0.6,"{'C': 10, 'penalty': 'elasticnet', 'solver': 'saga', 'l1_ratio': 0.5, 'max_iter': 200, 'class_weight': None}",0.6956521739130435,0.8484848484848485,0.7857142857142857,0.7645051194539249,0.7216494845360825,0.7084123972169513,0.7031019202363368,0.631578947368421,0.32,0.8065476190476191,0.4247787610619469,0.5286343612334802,0.5755395683453237,0.5973645680819911
2024-04-02,LogisticRegression,undersample,0.7,"{'C': 10, 'penalty': 'elasticnet', 'solver': 'saga', 'l1_ratio': 0.5, 'max_iter': 200, 'class_weight': None}",0.6149068322981367,0.8918918918918919,0.7701863354037267,0.7279411764705882,0.6556291390728477,0.6346153846153846,0.6263490882024563,0.6052631578947368,0.39655172413793105,0.8511904761904762,0.47916666666666674,0.5476190476190477,0.5750000000000001,0.587087087087087
2024-04-02,LogisticRegression,oversample,0.3,"{'C': 10, 'penalty': 'elasticnet', 'solver': 'saga', 'l1_ratio': 0.5, 'max_iter': 200, 'class_weight': None}",0.9202714164546225,0.7091503267973857,0.7714164546225615,0.8010335917312661,0.8685558757604867,0.8936660901078988,0.9044326762773363,0.7894736842105263,0.1910828025477707,0.5982142857142857,0.3076923076923077,0.4854368932038835,0.6012024048096192,0.6666666666666666
2024-04-02,LogisticRegression,oversample,0.39999999999999997,"{'C': 10, 'penalty': 'elasticnet', 'solver': 'saga', 'l1_ratio': 0.5, 'max_iter': 200, 'class_weight': None}",0.8634435962680237,0.7729688686408505,0.804919423240034,0.8157051282051283,0.8436930217139068,0.8534540576794097,0.8575392696100292,0.7105263157894737,0.226890756302521,0.6934523809523809,0.3439490445859873,0.49815498154981547,0.5856832971800435,0.6313617606602475
2024-04-02,LogisticRegression,oversample,0.5,"{'C': 10, 'penalty': 'elasticnet', 'solver': 'saga', 'l1_ratio': 0.5, 'max_iter': 200, 'class_weight': None}",0.8210347752332485,0.8127623845507976,0.8159457167090755,0.8168776371308017,0.819366852886406,0.8201999661074394,0.8205435053602593,0.7105263157894737,0.2872340425531915,0.7678571428571429,0.4090909090909091,0.548780487804878,0.6192660550458715,0.6538461538461539
2024-04-02,LogisticRegression,oversample,0.6,"{'C': 10, 'penalty': 'elasticnet', 'solver': 'saga', 'l1_ratio': 0.5, 'max_iter': 200, 'class_weight': None}",0.7234944868532655,0.8445544554455445,0.7951653944020356,0.7793513019643673,0.7448480614739783,0.7340160055072713,0.729646774680487,0.6578947368421053,0.33783783783783783,0.8154761904761905,0.44642857142857145,0.5530973451327434,0.6009615384615385,0.62316715542522
2024-04-02,LogisticRegression,oversample,0.7,"{'C': 10, 'penalty': 'elasticnet', 'solver': 'saga', 'l1_ratio': 0.5, 'max_iter': 200, 'class_weight': None}",0.6412213740458015,0.8679678530424799,0.7718405428329093,0.7375609756097561,0.6765706103454449,0.6584218777216513,0.6512287813529262,0.6052631578947368,0.41818181818181815,0.8601190476190477,0.49462365591397855,0.5555555555555556,0.5793450881612091,0.5897435897435898
2024-04-02,LogisticRegression,smote,0.3,"{'C': 10, 'penalty': 'elasticnet', 'solver': 'saga', 'l1_ratio': 0.5, 'max_iter': 200, 'class_weight': None}",0.9296013570822731,0.729208250166334,0.7921967769296013,0.8173005219985084,0.8811706062067856,0.9047383192999834,0.9148131781803898,0.7631578947368421,0.2,0.6279761904761905,0.31693989071038253,0.48821548821548827,0.5954825462012321,0.6547144754316071
2024-04-02,LogisticRegression,smote,0.39999999999999997,"{'C': 10, 'penalty': 'elasticnet', 'solver': 'saga', 'l1_ratio': 0.5, 'max_iter': 200, 'class_weight': None}",0.8837998303647159,0.7799401197604791,0.8172179813401187,0.8286282306163021,0.8608724388631857,0.8721854858960408,0.8769306930693069,0.7368421052631579,0.24561403508771928,0.7142857142857143,0.3684210526315789,0.5263157894736842,0.6140350877192983,0.6592797783933518
2024-04-02,LogisticRegression,smote,0.5,"{'C': 10, 'penalty': 'elasticnet', 'solver': 'saga', 'l1_ratio': 0.5, 'max_iter': 200, 'class_weight': None}",0.8354537743850721,0.8194675540765392,0.8256997455470738,0.8273834523309535,0.8322068266306184,0.833827139591975,0.8344961626632114,0.7105263157894737,0.28421052631578947,0.7648809523809523,0.40601503759398494,0.5465587044534413,0.6178489702517163,0.6529160739687055
2024-04-02,LogisticRegression,smote,0.6,"{'C': 10, 'penalty': 'elasticnet', 'solver': 'saga', 'l1_ratio': 0.5, 'max_iter': 200, 'class_weight': None}",0.7387616624257846,0.8407335907335908,0.7994062765055131,0.7864559819413093,0.7571279554937413,0.7478320597578776,0.744070351758794,0.6578947368421053,0.32894736842105265,0.8095238095238095,0.4385964912280702,0.5482456140350879,0.598086124401914,0.6213450292397662
2024-04-02,LogisticRegression,smote,0.7,"{'C': 10, 'penalty': 'elasticnet', 'solver': 'saga', 'l1_ratio': 0.5, 'max_iter': 200, 'class_weight': None}",0.6522476675148431,0.8689265536723164,0.7769296013570822,0.74515503875969,0.6864845563292269,0.66892832289492,0.6619575674717708,0.6052631578947368,0.4339622641509434,0.8660714285714286,0.5054945054945055,0.5609756097560975,0.5822784810126581,0.5915279878971255
2024-04-02,LogisticRegression,cgan,0.3,"{'C': 10, 'penalty': 'elasticnet', 'solver': 'saga', 'l1_ratio': 0.5, 'max_iter': 200, 'class_weight': None}",0.562111801242236,0.41705069124423966,0.5677454744925946,0.47883597883597884,0.5255516840882695,0.5432172869147659,0.5508413891872539,0.4473684210526316,0.10897435897435898,0.5238095238095238,0.1752577319587629,0.275974025974026,0.34136546184738953,0.3782722513089006
2024-04-02,LogisticRegression,cgan,0.39999999999999997,"{'C': 10, 'penalty': 'elasticnet', 'solver': 'saga', 'l1_ratio': 0.5, 'max_iter': 200, 'class_weight': None}",0.4658385093167702,0.5376344086021505,0.6697750959956116,0.49916805324459224,0.47862156987874915,0.47214353163361666,0.46952679064628977,0.18421052631578946,0.08641975308641975,0.6875,0.11764705882352942,0.1502145922746781,0.16548463356973997,0.17271407837445574
2024-04-02,LogisticRegression,cgan,0.5,"{'C': 10, 'penalty': 'elasticnet', 'solver': 'saga', 'l1_ratio': 0.5, 'max_iter': 200, 'class_weight': None}",0.4440993788819876,0.7044334975369458,0.7377948436642896,0.5447619047619049,0.4795439302481556,0.4611415672363754,0.45396825396825397,0.02631578947368421,0.034482758620689655,0.8065476190476191,0.029850746268656716,0.02762430939226519,0.02695417789757412,0.026687598116169546
2024-04-02,LogisticRegression,cgan,0.6,"{'C': 10, 'penalty': 'elasticnet', 'solver': 'saga', 'l1_ratio': 0.5, 'max_iter': 200, 'class_weight': None}",0.43167701863354035,0.8881789137380192,0.78003291278113,0.58098223615465,0.481135340948425,0.4550662956293992,0.44513516059150426,0.0,0.0,0.8779761904761905,0.0,,,
2024-04-02,LogisticRegression,cgan,0.7,"{'C': 10, 'penalty': 'elasticnet', 'solver': 'saga', 'l1_ratio': 0.5, 'max_iter': 200, 'class_weight': None}",0.40683229813664595,0.9703703703703703,0.7860669226549644,0.5733041575492341,0.46029515108924807,0.4319155951203429,0.4212218649517685,0.0,0.0,0.8869047619047619,0.0,,,
2024-04-02,LogisticRegression,none,0.3,"{'C': 100, 'penalty': 'none', 'solver': 'newton-cg', 'max_iter': 200, 'class_weight': 'balanced'}",0.906832298136646,0.25259515570934254,0.6664179104477612,0.3951285520974289,0.5973813420621931,0.7202762703502713,0.7869372225745087,0.7631578947368421,0.1858974358974359,0.5952380952380952,0.2989690721649485,0.47077922077922085,0.5823293172690763,0.6452879581151834
2024-04-02,LogisticRegression,none,0.39999999999999997,"{'C': 100, 'penalty': 'none', 'solver': 'newton-cg', 'max_iter': 200, 'class_weight': 'balanced'}",0.8633540372670807,0.3116591928251121,0.7544776119402985,0.4579901153212521,0.6376146788990826,0.7335092348284961,0.7819324950363996,0.7105263157894737,0.23076923076923078,0.6994047619047619,0.3483870967741935,0.5018587360594795,0.588235294117647,0.6331034482758621
2024-04-02,LogisticRegression,none,0.5,"{'C': 100, 'penalty': 'none', 'solver': 'newton-cg', 'max_iter': 200, 'class_weight': 'balanced'}",0.7763975155279503,0.36127167630057805,0.8082089552238806,0.4930966469428008,0.6313131313131313,0.6963788300835655,0.7272416153319645,0.7105263157894737,0.29347826086956524,0.7738095238095238,0.4153846153846154,0.5532786885245902,0.6221198156682026,0.6557142857142857
2024-04-02,LogisticRegression,none,0.6,"{'C': 100, 'penalty': 'none', 'solver': 'newton-cg', 'max_iter': 200, 'class_weight': 'balanced'}",0.6894409937888198,0.39928057553956836,0.8380597014925373,0.5056947608200456,0.6019522776572669,0.6427330631152287,0.661177295024527,0.6842105263157895,0.33766233766233766,0.8125,0.4521739130434783,0.5676855895196508,0.6205250596658712,0.6452554744525548
2024-04-02,LogisticRegression,none,0.7,"{'C': 100, 'penalty': 'none', 'solver': 'newton-cg', 'max_iter': 200, 'class_weight': 'balanced'}",0.6273291925465838,0.4611872146118721,0.8671641791044776,0.531578947368421,0.5851680185399768,0.6055155875299759,0.6143112701252235,0.6052631578947368,0.38333333333333336,0.8452380952380952,0.4693877551020408,0.5424528301886793,0.572139303482587,0.5853293413173652
2024-04-02,LogisticRegression,undersample,0.3,"{'C': 100, 'penalty': 'none', 'solver': 'newton-cg', 'max_iter': 200, 'class_weight': 'balanced'}",0.9130434782608695,0.7101449275362319,0.7701863354037267,0.7989130434782608,0.8636897767332549,0.8876811594202897,0.8979518505210204,0.7631578947368421,0.18125,0.5833333333333334,0.29292929292929293,0.46474358974358976,0.5776892430278885,0.6419270833333335
2024-04-02,LogisticRegression,undersample,0.39999999999999997,"{'C': 100, 'penalty': 'none', 'solver': 'newton-cg', 'max_iter': 200, 'class_weight': 'balanced'}",0.8819875776397516,0.7513227513227513,0.7950310559006211,0.8114285714285714,0.8523409363745498,0.8669108669108668,0.8730560578661845,0.7105263157894737,0.21951219512195122,0.6815476190476191,0.3354037267080745,0.49090909090909085,0.5806451612903226,0.627906976744186
2024-04-02,LogisticRegression,undersample,0.5,"{'C': 100, 'penalty': 'none', 'solver': 'newton-cg', 'max_iter': 200, 'class_weight': 'balanced'}",0.8260869565217391,0.7964071856287425,0.8074534161490683,0.8109756097560975,0.8199753390875463,0.8230198019801981,0.8242799854174262,0.7105263157894737,0.2755102040816326,0.7559523809523809,0.39705882352941174,0.5399999999999999,0.6136363636363635,0.6501416430594901
2024-04-02,LogisticRegression,undersample,0.6,"{'C': 100, 'penalty': 'none', 'solver': 'newton-cg', 'max_iter': 200, 'class_weight': 'balanced'}",0.6956521739130435,0.8484848484848485,0.7857142857142857,0.7645051194539249,0.7216494845360825,0.7084123972169513,0.7031019202363368,0.631578947368421,0.32,0.8065476190476191,0.4247787610619469,0.5286343612334802,0.5755395683453237,0.5973645680819911
2024-04-02,LogisticRegression,undersample,0.7,"{'C': 100, 'penalty': 'none', 'solver': 'newton-cg', 'max_iter': 200, 'class_weight': 'balanced'}",0.6149068322981367,0.9,0.7732919254658385,0.7306273062730627,0.656498673740053,0.6350224502886466,0.6265822784810127,0.6052631578947368,0.39655172413793105,0.8511904761904762,0.47916666666666674,0.5476190476190477,0.5750000000000001,0.587087087087087
2024-04-02,LogisticRegression,oversample,0.3,"{'C': 100, 'penalty': 'none', 'solver': 'newton-cg', 'max_iter': 200, 'class_weight': 'balanced'}",0.9202714164546225,0.7091503267973857,0.7714164546225615,0.8010335917312661,0.8685558757604867,0.8936660901078988,0.9044326762773363,0.7894736842105263,0.1910828025477707,0.5982142857142857,0.3076923076923077,0.4854368932038835,0.6012024048096192,0.6666666666666666
2024-04-02,LogisticRegression,oversample,0.39999999999999997,"{'C': 100, 'penalty': 'none', 'solver': 'newton-cg', 'max_iter': 200, 'class_weight': 'balanced'}",0.8634435962680237,0.7729688686408505,0.804919423240034,0.8157051282051283,0.8436930217139068,0.8534540576794097,0.8575392696100292,0.7105263157894737,0.226890756302521,0.6934523809523809,0.3439490445859873,0.49815498154981547,0.5856832971800435,0.6313617606602475
2024-04-02,LogisticRegression,oversample,0.5,"{'C': 100, 'penalty': 'none', 'solver': 'newton-cg', 'max_iter': 200, 'class_weight': 'balanced'}",0.8210347752332485,0.8120805369127517,0.8155216284987278,0.8165331083930831,0.8192281651997293,0.8201304753028892,0.8205025927403271,0.7105263157894737,0.2872340425531915,0.7678571428571429,0.4090909090909091,0.548780487804878,0.6192660550458715,0.6538461538461539
2024-04-02,LogisticRegression,oversample,0.6,"{'C': 100, 'penalty': 'none', 'solver': 'newton-cg', 'max_iter': 200, 'class_weight': 'balanced'}",0.7234944868532655,0.8437190900098912,0.7947413061916879,0.7789954337899544,0.7447180024445608,0.7339528480468077,0.7296100628930818,0.6578947368421053,0.33783783783783783,0.8154761904761905,0.44642857142857145,0.5530973451327434,0.6009615384615385,0.62316715542522
2024-04-02,LogisticRegression,oversample,0.7,"{'C': 100, 'penalty': 'none', 'solver': 'newton-cg', 'max_iter': 200, 'class_weight': 'balanced'}",0.6412213740458015,0.8679678530424799,0.7718405428329093,0.7375609756097561,0.6765706103454449,0.6584218777216513,0.6512287813529262,0.6052631578947368,0.41818181818181815,0.8601190476190477,0.49462365591397855,0.5555555555555556,0.5793450881612091,0.5897435897435898
2024-04-02,LogisticRegression,smote,0.3,"{'C': 100, 'penalty': 'none', 'solver': 'newton-cg', 'max_iter': 200, 'class_weight': 'balanced'}",0.9296013570822731,0.729208250166334,0.7921967769296013,0.8173005219985084,0.8811706062067856,0.9047383192999834,0.9148131781803898,0.7631578947368421,0.2,0.6279761904761905,0.31693989071038253,0.48821548821548827,0.5954825462012321,0.6547144754316071
2024-04-02,LogisticRegression,smote,0.39999999999999997,"{'C': 100, 'penalty': 'none', 'solver': 'newton-cg', 'max_iter': 200, 'class_weight': 'balanced'}",0.8837998303647159,0.7799401197604791,0.8172179813401187,0.8286282306163021,0.8608724388631857,0.8721854858960408,0.8769306930693069,0.7368421052631579,0.24561403508771928,0.7142857142857143,0.3684210526315789,0.5263157894736842,0.6140350877192983,0.6592797783933518
2024-04-02,LogisticRegression,smote,0.5,"{'C': 100, 'penalty': 'none', 'solver': 'newton-cg', 'max_iter': 200, 'class_weight': 'balanced'}",0.8354537743850721,0.8194675540765392,0.8256997455470738,0.8273834523309535,0.8322068266306184,0.833827139591975,0.8344961626632114,0.7105263157894737,0.28421052631578947,0.7648809523809523,0.40601503759398494,0.5465587044534413,0.6178489702517163,0.6529160739687055
2024-04-02,LogisticRegression,smote,0.6,"{'C': 100, 'penalty': 'none', 'solver': 'newton-cg', 'max_iter': 200, 'class_weight': 'balanced'}",0.7387616624257846,0.8407335907335908,0.7994062765055131,0.7864559819413093,0.7571279554937413,0.7478320597578776,0.744070351758794,0.6578947368421053,0.32894736842105265,0.8095238095238095,0.4385964912280702,0.5482456140350879,0.598086124401914,0.6213450292397662
2024-04-02,LogisticRegression,smote,0.7,"{'C': 100, 'penalty': 'none', 'solver': 'newton-cg', 'max_iter': 200, 'class_weight': 'balanced'}",0.6522476675148431,0.8689265536723164,0.7769296013570822,0.74515503875969,0.6864845563292269,0.66892832289492,0.6619575674717708,0.6052631578947368,0.4339622641509434,0.8660714285714286,0.5054945054945055,0.5609756097560975,0.5822784810126581,0.5915279878971255
2024-04-02,LogisticRegression,cgan,0.3,"{'C': 100, 'penalty': 'none', 'solver': 'newton-cg', 'max_iter': 200, 'class_weight': 'balanced'}",0.7934782608695652,0.40491283676703643,0.5150850246845858,0.5362014690451207,0.6657113079729026,0.7240011334655709,0.7510807539339444,0.8421052631578947,0.13559322033898305,0.375,0.23357664233576642,0.4123711340206186,0.5536332179930795,0.6445497630331753
2024-04-02,LogisticRegression,cgan,0.39999999999999997,"{'C': 100, 'penalty': 'none', 'solver': 'newton-cg', 'max_iter': 200, 'class_weight': 'balanced'}",0.7267080745341615,0.45703125,0.5984640702139331,0.5611510791366907,0.65,0.686217008797654,0.7023305084745762,0.5789473684210527,0.11518324607329843,0.4494047619047619,0.19213973799126638,0.3206997084548105,0.4127579737335836,0.4680851063829788
2024-04-02,LogisticRegression,cgan,0.5,"{'C': 100, 'penalty': 'none', 'solver': 'newton-cg', 'max_iter': 200, 'class_weight': 'balanced'}",0.4953416149068323,0.4718934911242604,0.6258913878222709,0.4833333333333334,0.49046740467404676,0.49289245982694696,0.4938979963570127,0.2631578947368421,0.09433962264150944,0.6309523809523809,0.13888888888888887,0.19379844961240306,0.2232142857142857,0.23809523809523808
2024-04-02,LogisticRegression,cgan,0.6,"{'C': 100, 'penalty': 'none', 'solver': 'newton-cg', 'max_iter': 200, 'class_weight': 'balanced'}",0.4503105590062112,0.6209850107066381,0.7087218869994515,0.522052205220522,0.4765034505422281,0.4630368832827718,0.4577105189861665,0.05263157894736842,0.038461538461538464,0.7440476190476191,0.044444444444444446,0.049019607843137254,0.050761421319796954,0.051515151515151514
2024-04-02,LogisticRegression,cgan,0.7,"{'C': 100, 'penalty': 'none', 'solver': 'newton-cg', 'max_iter': 200, 'class_weight': 'balanced'}",0.43167701863354035,0.7787114845938375,0.7558968732857927,0.5554445554445554,0.47391749062393457,0.45181212416707295,0.4432980020635963,0.0,0.0,0.8452380952380952,0.0,,,
